{"中国": [116.397199,39.895403],
"中国天津":[117.2,39.12],
"中国河北":[114.52,38.05],
"中国内蒙古":[111.65,40.87],
"中国辽宁":[117.2,39.12],
"中国吉林":[125.33,43.87],
"中国黑龙江":[126.62,45.77],
"中国江苏":[118.8,32.05],
"中国浙江":[120.17,30.25],
"中国安徽":[117.3,31.87],
"中国江西":[115.9,28.68],
"中国河南":[113.6,34.75],
"中国湖北":[114.3,30.6],
"中国广东":[113.23,23.13],
"中国海南":[110.28,20.02],
"中国贵州":[106.72,26.57],
"中国云南":[102.7,25.05],
"中国西藏":[91.13,29.65],
"中国陕西":[111.65,40.87],
"中国青海":[101.8,36.62],
"中国新疆":[87.65,43.78],
"中国台湾":[121.54,25.02],
"中国香港":[114.15,22.15],
"中国澳门":[113.5,22.2],
"中国重庆":[108.4,30.82],
"中国上海":[121.48,31.23],
"中国北京":[116.42,39.93],
"中国湖南":[113.03,28.18],
"中国广西":[108.38,22.87],
"中国福建":[117.18,34.28],
"中国山东":[117.08,36.67],
"中国四川":[104.08,30.67],
"中国甘肃":[91.13,29.65],
"中国宁夏":[106.28,38.48],
"中国山西":[112.57,37.73],
"阿富汗": [69.203217, 34.560978],
"阿塞拜疆": [49.861423, 40.418395],
"土耳其": [32.868501, 39.938575],
"土库曼斯坦": [58.327181, 37.966914],
"哈萨克斯坦": [76.859015, 43.228146],
"吉尔吉斯斯坦": [74.577211, 42.877555],
"乌兹别克斯坦": [69.245376, 41.302697],
"塔吉克斯坦": [68.787072, 38.562645],
"蒙古": [106.91217, 47.890248],
"亚美尼亚": [44.502642, 40.181704],
"塞浦路斯": [33.382827, 35.186517],
"巴林": [50.586734, 26.229508],
"孟加拉国": [90.413831, 23.816431],
"不丹": [89.640798, 27.474676],
"文莱": [114.943041, 4.907064],
"缅甸": [96.197654, 16.87355],
"印度": [77.211599, 28.62066],
"印度尼西亚": [106.845995, -6.204144],
"伊拉克": [44.36483, 33.316257],
"伊朗": [51.39513, 35.695618],
"日本": [139.73716, 35.715643],
"也门": [45.019787, 12.787042],
"约旦": [35.94591, 31.957451],
"柬埔寨": [104.897044, 11.554441],
"卡塔尔": [51.534263, 25.289708],
"朝鲜": [125.765456, 39.045118],
"韩国": [126.989543, 37.552498],
"科威特": [47.994249, 29.396693],
"老挝": [102.633059, 17.978542],
"黎巴嫩": [35.496595, 33.889091],
"马来西亚": [101.68754, 3.1438],
"马尔代夫": [73.509665, 4.175232],
"尼泊尔": [85.325789, 27.718378],
"阿曼": [58.405811, 23.589622],
"东帝汶": [125.561044, -8.555436],
"巴基斯坦": [73.092779, 33.732524],
"巴勒斯坦/以色列": [35.213809, 31.772661],
"菲律宾": [120.983599, 14.601724],
"沙特阿拉伯": [46.554705, 25.020212],
"阿拉伯联合酋长国": [54.688989, 24.305158],
"锡金": [88.608458, 27.339826],
"新加坡": [103.852503, 1.28109],
"斯里兰卡": [79.862996, 6.928022],
"叙利亚": [36.277059, 33.515486],
"泰国": [100.747772, 13.810593],
"越南": [105.834732, 21.028624],
"埃及": [31.233742, 30.051447],
"阿尔及利亚": [3.041662, 36.75409],
"安哥拉": [13.293017, -8.833152],
"赤道几内亚": [8.737869, 3.752585],
"埃塞俄比亚": [38.756158, 8.984854],
"贝宁": [2.629594, 6.498338],
"博茨瓦纳": [25.922252, -24.622914],
"布隆迪": [29.36448, -3.358506],
"吉布提": [42.612922, 11.762943],
"象牙海岸": [-4.009734, 5.364018],
"加蓬": [9.466213, 0.420327],
"冈比亚": [-16.578811, 13.455354],
"加纳": [-0.183508, 5.606239],
"几内亚": [-13.57874, 9.644375],
"几内亚比绍": [-15.61743, 11.882829],
"喀麦隆": [11.504958, 3.851541],
"佛得角": [-23.511965, 14.933881],
"肯尼亚": [36.824735, -1.288671],
"科摩罗": [43.248319, -11.716497],
"刚果": [15.24576, -4.258148],
"莱索托": [27.514839, -29.36165],
"利比里亚": [-10.75991, 6.291643],
"利比亚": [13.192026, 32.888197],
"马达加斯加": [47.511919, -18.878945],
"马拉维": [33.771414, -13.960732],
"马里": [-7.999978, 12.644429],
"摩洛哥": [-6.84553, 33.975689],
"毛里塔尼亚": [-15.954936, 18.078581],
"毛里求斯": [57.503366, -20.165717],
"莫桑比克": [32.608278, -25.888515],
"纳米比亚": [17.070725, -22.559146],
"尼日尔": [2.125555, 13.5131],
"尼日利亚": [3.380326, 6.531146],
"上沃尔特": [-1.510753, 12.375251],
"卢旺达": [30.110726, -1.956514],
"赞比亚": [28.325898, -15.38405],
"塞内加尔": [-17.365119, 14.769908],
"塞舌尔": [55.451536, -4.6181],
"塞拉里昂": [-13.231544, 8.467299],
"津巴布韦": [-1.792379, 51.069783],
"索马里": [45.321599, 2.049079],
"南非": [28.232961, -25.741266],
"中非": [18.557458, 4.39568],
"苏丹": [32.566758, 15.502857],
"斯威士兰": [31.139588, -26.304739],
"坦桑尼亚": [39.200724, -6.789472],
"多哥": [1.234329, 6.176173],
"乍得": [15.057802, 12.136328],
"突尼斯": [9.624774, 34.082805],
"乌干达": [32.585047, 0.351947],
"扎伊尔": [15.274457, -4.428583],
"格鲁吉亚": [44.832156, 41.717064],
"保加利亚": [23.323945, 42.701466],
"塞尔维亚": [20.445722, 44.793724],
"克罗地亚": [15.984243, 45.817448],
"匈牙利": [19.056826, 47.502007],
"希腊": [23.729756, 37.985961],
"俄罗斯": [37.61737, 55.763383],
"白俄罗斯": [27.563044, 53.906526],
"乌克兰": [30.525819, 50.452693],
"爱沙尼亚": [24.75369, 59.438035],
"拉脱维亚": [24.105812, 56.954176],
"立陶宛": [25.294126, 54.690963],
"摩尔多瓦": [28.867445, 47.01249],
"罗马尼亚": [26.107682, 44.428979],
"马其顿": [21.429696, 41.998702],
"阿尔巴尼亚": [19.820226, 41.328914],
"斯洛文尼亚": [14.511498, 46.059426],
"波斯尼亚和黑塞哥维那": [18.416292, 43.858065],
"黑山": [19.26343, 42.432233],
"波兰": [21.012437, 52.234117],
"斯洛伐克": [17.118658, 48.149441],
"捷克": [14.434719, 50.081621],
"德国": [13.406592, 52.525427],
"奥地利": [16.375939, 48.21014],
"瑞士": [7.448428, 46.949274],
"列支敦士登": [9.520933, 47.141326],
"英国": [-0.12701, 51.517878],
"法国": [2.349272, 48.858838],
"爱尔兰": [-6.255322, 53.352937],
"荷兰": [4.901703, 52.37218],
"比利时": [4.351699, 50.854304],
"卢森堡": [6.145658, 49.620511],
"摩纳哥": [7.421282, 43.737671],
"芬兰": [24.941111, 60.173751],
"瑞典": [18.066505, 59.333772],
"挪威": [10.75284, 59.918914],
"冰岛": [-21.816394, 64.127781],
"丹麦": [12.568047, 55.67841],
"意大利": [12.500973, 41.90692],
"葡萄牙": [-9.137888, 38.723134],
"西班牙": [-3.704263, 40.422712],
"安道尔": [1.521796, 42.510115],
"马耳他": [14.512926, 35.897652],
"圣马力诺": [12.447562, 43.936816],
"梵蒂冈": [12.4498725, 41.9038163],
"美国": [-77.033794, 38.909748],
"加拿大": [-75.698657, 45.42743],
"墨西哥": [-99.131948, 19.443135],
"古巴": [-82.337524, 23.058817],
"巴拿马": [-79.405696, 9.095403],
"巴哈马": [-77.358039, 25.049578],
"巴巴多斯": [-59.599176, 13.110674],
"哥斯达黎加": [-84.2767299, 9.634143],
"多米尼克": [-61.3857146, 15.3075852],
"多米尼加": [-69.9819178, 18.4803729],
"洪都拉斯": [-87.2403954, 14.0839129],
"萨尔瓦多": [-89.2497134, 13.6914757],
"牙买加": [-76.8356757, 18.0179332],
"尼加拉瓜": [-86.3285006, 12.0961953],
"伯利兹": [-88.7825991, 17.254839],
"格林纳达": [-61.7529917, 12.053968],
"危地马拉": [-90.5275799, 14.6262174],
"海地": [-72.3544677, 18.5790242],
"特立尼达和多巴哥": [-61.5376379, 10.6637295],
"圣基茨和尼维斯": [-62.7237207, 17.3021416],
"圣文森特和格林纳丁斯": [-61.2290382, 13.1567579],
"安提瓜和巴布达": [-61.853077, 17.1244876],
"伯利兹": [-88.7825991, 17.254839],
"圣卢西亚": [-60.9929704, 14.0104826],
"哥伦比亚": [-74.2478915, 4.6482837],
"委内瑞拉": [-66.9604059, 10.4683841],
"厄瓜多尔": [-78.5706228, -0.1865938],
"苏里南": [-55.213221, 5.8483237],
"圭亚那": [-58.1865529, 6.7875016],
"秘鲁": [-77.0626949, -12.0553437],
"阿根廷": [-58.5033599, -34.6158037],
"玻利维亚": [-68.1615529, -16.5207007],
"巴西": [-48.0082761, -15.721751],
"智利": [-71.2993225, -33.6023695],
"巴拉圭": [-57.6681289, -25.2968361],
"乌拉圭": [-56.3002457, -34.8199227],
"澳大利亚": [149.1247712, -35.2812211],
"新西兰": [174.6918151, -41.2443488],
"斐济": [178.4283726, -18.1237781],
"基里巴斯": [-157.4513084, 1.8942815],
"瑙鲁": [166.9160213, -0.5469745],
"巴布亚新几内亚": [147.1552399, -9.4374484],
"所罗门群岛": [159.9557805, -9.4351122],
"汤加": [-175.2151108, -21.1419317],
"瓦努阿图": [168.2877947, -17.7369402],
"西萨摩亚": [-171.750131, -13.848259]
}